{
  "dataset_revision": "75b399394a9803252cfec289d103de462763db7c",
  "task_name": "BelebeleRetrieval",
  "mteb_version": "1.34.22",
  "scores": {
    "test": [
      {
        "ndcg_at_1": 0.57795,
        "ndcg_at_3": 0.66372,
        "ndcg_at_5": 0.69204,
        "ndcg_at_10": 0.71366,
        "ndcg_at_20": 0.72359,
        "ndcg_at_100": 0.73705,
        "ndcg_at_1000": 0.74108,
        "map_at_1": 0.57795,
        "map_at_3": 0.64291,
        "map_at_5": 0.65856,
        "map_at_10": 0.66748,
        "map_at_20": 0.67025,
        "map_at_100": 0.6722,
        "map_at_1000": 0.67238,
        "recall_at_1": 0.57795,
        "recall_at_3": 0.72383,
        "recall_at_5": 0.79287,
        "recall_at_10": 0.85969,
        "recall_at_20": 0.89866,
        "recall_at_100": 0.96993,
        "recall_at_1000": 1.0,
        "precision_at_1": 0.57795,
        "precision_at_3": 0.24128,
        "precision_at_5": 0.15857,
        "precision_at_10": 0.08597,
        "precision_at_20": 0.04493,
        "precision_at_100": 0.0097,
        "precision_at_1000": 0.001,
        "mrr_at_1": 0.577951,
        "mrr_at_3": 0.64291,
        "mrr_at_5": 0.658556,
        "mrr_at_10": 0.667477,
        "mrr_at_20": 0.670249,
        "mrr_at_100": 0.672203,
        "mrr_at_1000": 0.672385,
        "nauc_ndcg_at_1_max": 0.592085,
        "nauc_ndcg_at_1_std": 0.033268,
        "nauc_ndcg_at_1_diff1": 0.692385,
        "nauc_ndcg_at_3_max": 0.611743,
        "nauc_ndcg_at_3_std": 0.0609,
        "nauc_ndcg_at_3_diff1": 0.643659,
        "nauc_ndcg_at_5_max": 0.610722,
        "nauc_ndcg_at_5_std": 0.071882,
        "nauc_ndcg_at_5_diff1": 0.626304,
        "nauc_ndcg_at_10_max": 0.621199,
        "nauc_ndcg_at_10_std": 0.090853,
        "nauc_ndcg_at_10_diff1": 0.628698,
        "nauc_ndcg_at_20_max": 0.61786,
        "nauc_ndcg_at_20_std": 0.091135,
        "nauc_ndcg_at_20_diff1": 0.628231,
        "nauc_ndcg_at_100_max": 0.616972,
        "nauc_ndcg_at_100_std": 0.085592,
        "nauc_ndcg_at_100_diff1": 0.64025,
        "nauc_ndcg_at_1000_max": 0.613614,
        "nauc_ndcg_at_1000_std": 0.076326,
        "nauc_ndcg_at_1000_diff1": 0.643273,
        "nauc_map_at_1_max": 0.592085,
        "nauc_map_at_1_std": 0.033268,
        "nauc_map_at_1_diff1": 0.692385,
        "nauc_map_at_3_max": 0.607018,
        "nauc_map_at_3_std": 0.053392,
        "nauc_map_at_3_diff1": 0.65703,
        "nauc_map_at_5_max": 0.606263,
        "nauc_map_at_5_std": 0.058508,
        "nauc_map_at_5_diff1": 0.648692,
        "nauc_map_at_10_max": 0.610036,
        "nauc_map_at_10_std": 0.065497,
        "nauc_map_at_10_diff1": 0.649984,
        "nauc_map_at_20_max": 0.609199,
        "nauc_map_at_20_std": 0.065405,
        "nauc_map_at_20_diff1": 0.650232,
        "nauc_map_at_100_max": 0.609259,
        "nauc_map_at_100_std": 0.064956,
        "nauc_map_at_100_diff1": 0.652049,
        "nauc_map_at_1000_max": 0.609112,
        "nauc_map_at_1000_std": 0.064579,
        "nauc_map_at_1000_diff1": 0.652142,
        "nauc_recall_at_1_max": 0.592085,
        "nauc_recall_at_1_std": 0.033268,
        "nauc_recall_at_1_diff1": 0.692385,
        "nauc_recall_at_3_max": 0.627635,
        "nauc_recall_at_3_std": 0.086635,
        "nauc_recall_at_3_diff1": 0.597767,
        "nauc_recall_at_5_max": 0.628692,
        "nauc_recall_at_5_std": 0.129983,
        "nauc_recall_at_5_diff1": 0.529772,
        "nauc_recall_at_10_max": 0.692153,
        "nauc_recall_at_10_std": 0.252509,
        "nauc_recall_at_10_diff1": 0.50409,
        "nauc_recall_at_20_max": 0.685204,
        "nauc_recall_at_20_std": 0.307817,
        "nauc_recall_at_20_diff1": 0.454871,
        "nauc_recall_at_100_max": 0.785439,
        "nauc_recall_at_100_std": 0.561487,
        "nauc_recall_at_100_diff1": 0.471803,
        "nauc_recall_at_1000_max": NaN,
        "nauc_recall_at_1000_std": NaN,
        "nauc_recall_at_1000_diff1": NaN,
        "nauc_precision_at_1_max": 0.592085,
        "nauc_precision_at_1_std": 0.033268,
        "nauc_precision_at_1_diff1": 0.692385,
        "nauc_precision_at_3_max": 0.627635,
        "nauc_precision_at_3_std": 0.086635,
        "nauc_precision_at_3_diff1": 0.597767,
        "nauc_precision_at_5_max": 0.628692,
        "nauc_precision_at_5_std": 0.129983,
        "nauc_precision_at_5_diff1": 0.529772,
        "nauc_precision_at_10_max": 0.692153,
        "nauc_precision_at_10_std": 0.252509,
        "nauc_precision_at_10_diff1": 0.50409,
        "nauc_precision_at_20_max": 0.685204,
        "nauc_precision_at_20_std": 0.307817,
        "nauc_precision_at_20_diff1": 0.454871,
        "nauc_precision_at_100_max": 0.785439,
        "nauc_precision_at_100_std": 0.561487,
        "nauc_precision_at_100_diff1": 0.471803,
        "nauc_precision_at_1000_max": NaN,
        "nauc_precision_at_1000_std": NaN,
        "nauc_precision_at_1000_diff1": NaN,
        "nauc_mrr_at_1_max": 0.592085,
        "nauc_mrr_at_1_std": 0.033268,
        "nauc_mrr_at_1_diff1": 0.692385,
        "nauc_mrr_at_3_max": 0.607018,
        "nauc_mrr_at_3_std": 0.053392,
        "nauc_mrr_at_3_diff1": 0.65703,
        "nauc_mrr_at_5_max": 0.606263,
        "nauc_mrr_at_5_std": 0.058508,
        "nauc_mrr_at_5_diff1": 0.648692,
        "nauc_mrr_at_10_max": 0.610036,
        "nauc_mrr_at_10_std": 0.065497,
        "nauc_mrr_at_10_diff1": 0.649984,
        "nauc_mrr_at_20_max": 0.609199,
        "nauc_mrr_at_20_std": 0.065405,
        "nauc_mrr_at_20_diff1": 0.650232,
        "nauc_mrr_at_100_max": 0.609259,
        "nauc_mrr_at_100_std": 0.064956,
        "nauc_mrr_at_100_diff1": 0.652049,
        "nauc_mrr_at_1000_max": 0.609112,
        "nauc_mrr_at_1000_std": 0.064579,
        "nauc_mrr_at_1000_diff1": 0.652142,
        "main_score": 0.71366,
        "hf_subset": "ary_Arab-ary_Arab",
        "languages": [
          "ary-Arab",
          "ary-Arab"
        ]
      },
      {
        "ndcg_at_1": 0.62333,
        "ndcg_at_3": 0.70529,
        "ndcg_at_5": 0.72322,
        "ndcg_at_10": 0.74171,
        "ndcg_at_20": 0.75453,
        "ndcg_at_100": 0.76622,
        "ndcg_at_1000": 0.76968,
        "map_at_1": 0.62333,
        "map_at_3": 0.68556,
        "map_at_5": 0.69556,
        "map_at_10": 0.70328,
        "map_at_20": 0.70689,
        "map_at_100": 0.70857,
        "map_at_1000": 0.70873,
        "recall_at_1": 0.62333,
        "recall_at_3": 0.76222,
        "recall_at_5": 0.80556,
        "recall_at_10": 0.86222,
        "recall_at_20": 0.91222,
        "recall_at_100": 0.97444,
        "recall_at_1000": 1.0,
        "precision_at_1": 0.62333,
        "precision_at_3": 0.25407,
        "precision_at_5": 0.16111,
        "precision_at_10": 0.08622,
        "precision_at_20": 0.04561,
        "precision_at_100": 0.00974,
        "precision_at_1000": 0.001,
        "mrr_at_1": 0.623333,
        "mrr_at_3": 0.685556,
        "mrr_at_5": 0.695556,
        "mrr_at_10": 0.70328,
        "mrr_at_20": 0.706886,
        "mrr_at_100": 0.708568,
        "mrr_at_1000": 0.708729,
        "nauc_ndcg_at_1_max": 0.606599,
        "nauc_ndcg_at_1_std": 0.126043,
        "nauc_ndcg_at_1_diff1": 0.728693,
        "nauc_ndcg_at_3_max": 0.640976,
        "nauc_ndcg_at_3_std": 0.146257,
        "nauc_ndcg_at_3_diff1": 0.678873,
        "nauc_ndcg_at_5_max": 0.649243,
        "nauc_ndcg_at_5_std": 0.16582,
        "nauc_ndcg_at_5_diff1": 0.67868,
        "nauc_ndcg_at_10_max": 0.650216,
        "nauc_ndcg_at_10_std": 0.170998,
        "nauc_ndcg_at_10_diff1": 0.681601,
        "nauc_ndcg_at_20_max": 0.651137,
        "nauc_ndcg_at_20_std": 0.17384,
        "nauc_ndcg_at_20_diff1": 0.683445,
        "nauc_ndcg_at_100_max": 0.645732,
        "nauc_ndcg_at_100_std": 0.174961,
        "nauc_ndcg_at_100_diff1": 0.68909,
        "nauc_ndcg_at_1000_max": 0.64164,
        "nauc_ndcg_at_1000_std": 0.163853,
        "nauc_ndcg_at_1000_diff1": 0.689589,
        "nauc_map_at_1_max": 0.606599,
        "nauc_map_at_1_std": 0.126043,