{
  "dataset_revision": "75b399394a9803252cfec289d103de462763db7c",
  "task_name": "BelebeleRetrieval",
  "mteb_version": "1.34.22",
  "scores": {
    "test": [
      {
        "ndcg_at_1": 0.61581,
        "ndcg_at_3": 0.68947,
        "ndcg_at_5": 0.70605,
        "ndcg_at_10": 0.7229,
        "ndcg_at_20": 0.7325,
        "ndcg_at_100": 0.74753,
        "ndcg_at_1000": 0.7537,
        "map_at_1": 0.61581,
        "map_at_3": 0.67075,
        "map_at_5": 0.67999,
        "map_at_10": 0.6869,
        "map_at_20": 0.68956,
        "map_at_100": 0.69168,
        "map_at_1000": 0.69196,
        "recall_at_1": 0.61581,
        "recall_at_3": 0.74388,
        "recall_at_5": 0.78396,
        "recall_at_10": 0.8363,
        "recall_at_20": 0.87416,
        "recall_at_100": 0.95434,
        "recall_at_1000": 1.0,
        "precision_at_1": 0.61581,
        "precision_at_3": 0.24796,
        "precision_at_5": 0.15679,
        "precision_at_10": 0.08363,
        "precision_at_20": 0.04371,
        "precision_at_100": 0.00954,
        "precision_at_1000": 0.001,
        "mrr_at_1": 0.615813,
        "mrr_at_3": 0.67075,
        "mrr_at_5": 0.679993,
        "mrr_at_10": 0.686902,
        "mrr_at_20": 0.689556,
        "mrr_at_100": 0.69168,
        "mrr_at_1000": 0.691959,
        "nauc_ndcg_at_1_max": 0.446679,
        "nauc_ndcg_at_1_std": -0.177256,
        "nauc_ndcg_at_1_diff1": 0.809816,
        "nauc_ndcg_at_3_max": 0.456363,
        "nauc_ndcg_at_3_std": -0.16979,
        "nauc_ndcg_at_3_diff1": 0.774845,
        "nauc_ndcg_at_5_max": 0.449266,
        "nauc_ndcg_at_5_std": -0.170746,
        "nauc_ndcg_at_5_diff1": 0.766931,
        "nauc_ndcg_at_10_max": 0.44718,
        "nauc_ndcg_at_10_std": -0.174053,
        "nauc_ndcg_at_10_diff1": 0.762885,
        "nauc_ndcg_at_20_max": 0.446139,
        "nauc_ndcg_at_20_std": -0.170469,
        "nauc_ndcg_at_20_diff1": 0.76184,
        "nauc_ndcg_at_100_max": 0.451456,
        "nauc_ndcg_at_100_std": -0.167647,
        "nauc_ndcg_at_100_diff1": 0.767117,
        "nauc_ndcg_at_1000_max": 0.449607,
        "nauc_ndcg_at_1000_std": -0.17137,
        "nauc_ndcg_at_1000_diff1": 0.772229,
        "nauc_map_at_1_max": 0.446679,
        "nauc_map_at_1_std": -0.177256,
        "nauc_map_at_1_diff1": 0.809816,
        "nauc_map_at_3_max": 0.453797,
        "nauc_map_at_3_std": -0.172387,
        "nauc_map_at_3_diff1": 0.784197,
        "nauc_map_at_5_max": 0.449865,
        "nauc_map_at_5_std": -0.173211,
        "nauc_map_at_5_diff1": 0.780335,
        "nauc_map_at_10_max": 0.449252,
        "nauc_map_at_10_std": -0.174429,
        "nauc_map_at_10_diff1": 0.779117,
        "nauc_map_at_20_max": 0.449088,
        "nauc_map_at_20_std": -0.173514,
        "nauc_map_at_20_diff1": 0.779104,
        "nauc_map_at_100_max": 0.449672,
        "nauc_map_at_100_std": -0.173364,
        "nauc_map_at_100_diff1": 0.779754,
        "nauc_map_at_1000_max": 0.449607,
        "nauc_map_at_1000_std": -0.173466,
        "nauc_map_at_1000_diff1": 0.779953,
        "nauc_recall_at_1_max": 0.446679,
        "nauc_recall_at_1_std": -0.177256,
        "nauc_recall_at_1_diff1": 0.809816,
        "nauc_recall_at_3_max": 0.465218,
        "nauc_recall_at_3_std": -0.160512,
        "nauc_recall_at_3_diff1": 0.742522,
        "nauc_recall_at_5_max": 0.445869,
        "nauc_recall_at_5_std": -0.160622,
        "nauc_recall_at_5_diff1": 0.713595,
        "nauc_recall_at_10_max": 0.433722,
        "nauc_recall_at_10_std": -0.174015,
        "nauc_recall_at_10_diff1": 0.679708,
        "nauc_recall_at_20_max": 0.421279,
        "nauc_recall_at_20_std": -0.148658,
        "nauc_recall_at_20_diff1": 0.648127,
        "nauc_recall_at_100_max": 0.515109,
        "nauc_recall_at_100_std": -0.032157,
        "nauc_recall_at_100_diff1": 0.59575,
        "nauc_recall_at_1000_max": NaN,
        "nauc_recall_at_1000_std": NaN,
        "nauc_recall_at_1000_diff1": NaN,
        "nauc_precision_at_1_max": 0.446679,
        "nauc_precision_at_1_std": -0.177256,
        "nauc_precision_at_1_diff1": 0.809816,
        "nauc_precision_at_3_max": 0.465218,
        "nauc_precision_at_3_std": -0.160512,
        "nauc_precision_at_3_diff1": 0.742522,
        "nauc_precision_at_5_max": 0.445869,
        "nauc_precision_at_5_std": -0.160622,
        "nauc_precision_at_5_diff1": 0.713595,
        "nauc_precision_at_10_max": 0.433722,
        "nauc_precision_at_10_std": -0.174015,
        "nauc_precision_at_10_diff1": 0.679708,
        "nauc_precision_at_20_max": 0.421279,
        "nauc_precision_at_20_std": -0.148658,
        "nauc_precision_at_20_diff1": 0.648127,
        "nauc_precision_at_100_max": 0.515109,
        "nauc_precision_at_100_std": -0.032157,
        "nauc_precision_at_100_diff1": 0.59575,
        "nauc_precision_at_1000_max": NaN,
        "nauc_precision_at_1000_std": NaN,
        "nauc_precision_at_1000_diff1": NaN,
        "nauc_mrr_at_1_max": 0.446679,
        "nauc_mrr_at_1_std": -0.177256,
        "nauc_mrr_at_1_diff1": 0.809816,
        "nauc_mrr_at_3_max": 0.453797,
        "nauc_mrr_at_3_std": -0.172387,
        "nauc_mrr_at_3_diff1": 0.784197,
        "nauc_mrr_at_5_max": 0.449865,
        "nauc_mrr_at_5_std": -0.173211,
        "nauc_mrr_at_5_diff1": 0.780335,
        "nauc_mrr_at_10_max": 0.449252,
        "nauc_mrr_at_10_std": -0.174429,
        "nauc_mrr_at_10_diff1": 0.779117,
        "nauc_mrr_at_20_max": 0.449088,
        "nauc_mrr_at_20_std": -0.173514,
        "nauc_mrr_at_20_diff1": 0.779104,
        "nauc_mrr_at_100_max": 0.449672,
        "nauc_mrr_at_100_std": -0.173364,
        "nauc_mrr_at_100_diff1": 0.779754,
        "nauc_mrr_at_1000_max": 0.449607,
        "nauc_mrr_at_1000_std": -0.173466,
        "nauc_mrr_at_1000_diff1": 0.779953,
        "main_score": 0.7229,
        "hf_subset": "ary_Arab-ary_Arab",
        "languages": [
          "ary-Arab",
          "ary-Arab"
        ]
      },
      {
        "ndcg_at_1": 0.71778,
        "ndcg_at_3": 0.78913,
        "ndcg_at_5": 0.8028,
        "ndcg_at_10": 0.81578,
        "ndcg_at_20": 0.82375,
        "ndcg_at_100": 0.83117,
        "ndcg_at_1000": 0.83364,
        "map_at_1": 0.71778,
        "map_at_3": 0.77222,
        "map_at_5": 0.77978,
        "map_at_10": 0.78516,
        "map_at_20": 0.7874,
        "map_at_100": 0.78843,
        "map_at_1000": 0.78855,
        "recall_at_1": 0.71778,
        "recall_at_3": 0.83778,
        "recall_at_5": 0.87111,
        "recall_at_10": 0.91111,
        "recall_at_20": 0.94222,
        "recall_at_100": 0.98222,
        "recall_at_1000": 1.0,
        "precision_at_1": 0.71778,
        "precision_at_3": 0.27926,
        "precision_at_5": 0.17422,
        "precision_at_10": 0.09111,
        "precision_at_20": 0.04711,
        "precision_at_100": 0.00982,
        "precision_at_1000": 0.001,
        "mrr_at_1": 0.717778,
        "mrr_at_3": 0.772222,
        "mrr_at_5": 0.779778,
        "mrr_at_10": 0.785162,
        "mrr_at_20": 0.787403,
        "mrr_at_100": 0.788429,
        "mrr_at_1000": 0.788555,
        "nauc_ndcg_at_1_max": 0.561878,
        "nauc_ndcg_at_1_std": 0.054332,
        "nauc_ndcg_at_1_diff1": 0.845234,
        "nauc_ndcg_at_3_max": 0.541801,
        "nauc_ndcg_at_3_std": 0.055679,
        "nauc_ndcg_at_3_diff1": 0.807915,
        "nauc_ndcg_at_5_max": 0.533063,
        "nauc_ndcg_at_5_std": 0.058071,
        "nauc_ndcg_at_5_diff1": 0.805411,
        "nauc_ndcg_at_10_max": 0.539841,
        "nauc_ndcg_at_10_std": 0.071988,
        "nauc_ndcg_at_10_diff1": 0.807241,
        "nauc_ndcg_at_20_max": 0.541585,
        "nauc_ndcg_at_20_std": 0.067162,
        "nauc_ndcg_at_20_diff1": 0.812393,
        "nauc_ndcg_at_100_max": 0.542393,
        "nauc_ndcg_at_100_std": 0.064117,
        "nauc_ndcg_at_100_diff1": 0.813529,
        "nauc_ndcg_at_1000_max": 0.544945,
        "nauc_ndcg_at_1000_std": 0.064018,
        "nauc_ndcg_at_1000_diff1": 0.815353,
        "nauc_map_at_1_max": 0.561878,
        "nauc_map_at_1_std": 0.054332,