{
  "dataset_revision": "75b399394a9803252cfec289d103de462763db7c",
  "task_name": "BelebeleRetrieval",
  "mteb_version": "1.34.22",
  "scores": {
    "test": [
      {
        "ndcg_at_1": 0.67595,
        "ndcg_at_3": 0.74956,
        "ndcg_at_5": 0.76748,
        "ndcg_at_10": 0.77899,
        "ndcg_at_20": 0.78795,
        "ndcg_at_100": 0.79791,
        "ndcg_at_1000": 0.80221,
        "map_at_1": 0.67595,
        "map_at_3": 0.73218,
        "map_at_5": 0.74215,
        "map_at_10": 0.74688,
        "map_at_20": 0.74932,
        "map_at_100": 0.7507,
        "map_at_1000": 0.75088,
        "recall_at_1": 0.67595,
        "recall_at_3": 0.79955,
        "recall_at_5": 0.84298,
        "recall_at_10": 0.87862,
        "recall_at_20": 0.91425,
        "recall_at_100": 0.96771,
        "recall_at_1000": 1.0,
        "precision_at_1": 0.67595,
        "precision_at_3": 0.26652,
        "precision_at_5": 0.1686,
        "precision_at_10": 0.08786,
        "precision_at_20": 0.04571,
        "precision_at_100": 0.00968,
        "precision_at_1000": 0.001,
        "mrr_at_1": 0.675947,
        "mrr_at_3": 0.732183,
        "mrr_at_5": 0.742149,
        "mrr_at_10": 0.746882,
        "mrr_at_20": 0.749317,
        "mrr_at_100": 0.750696,
        "mrr_at_1000": 0.75088,
        "nauc_ndcg_at_1_max": 0.578926,
        "nauc_ndcg_at_1_std": -0.116193,
        "nauc_ndcg_at_1_diff1": 0.812377,
        "nauc_ndcg_at_3_max": 0.608163,
        "nauc_ndcg_at_3_std": -0.067988,
        "nauc_ndcg_at_3_diff1": 0.775864,
        "nauc_ndcg_at_5_max": 0.615449,
        "nauc_ndcg_at_5_std": -0.049783,
        "nauc_ndcg_at_5_diff1": 0.780323,
        "nauc_ndcg_at_10_max": 0.610838,
        "nauc_ndcg_at_10_std": -0.047741,
        "nauc_ndcg_at_10_diff1": 0.778018,
        "nauc_ndcg_at_20_max": 0.604155,
        "nauc_ndcg_at_20_std": -0.039296,
        "nauc_ndcg_at_20_diff1": 0.7781,
        "nauc_ndcg_at_100_max": 0.606399,
        "nauc_ndcg_at_100_std": -0.05319,
        "nauc_ndcg_at_100_diff1": 0.783576,
        "nauc_ndcg_at_1000_max": 0.604625,
        "nauc_ndcg_at_1000_std": -0.058343,
        "nauc_ndcg_at_1000_diff1": 0.784297,
        "nauc_map_at_1_max": 0.578926,
        "nauc_map_at_1_std": -0.116193,
        "nauc_map_at_1_diff1": 0.812377,
        "nauc_map_at_3_max": 0.601968,
        "nauc_map_at_3_std": -0.079349,
        "nauc_map_at_3_diff1": 0.786306,
        "nauc_map_at_5_max": 0.605322,
        "nauc_map_at_5_std": -0.070385,
        "nauc_map_at_5_diff1": 0.78884,
        "nauc_map_at_10_max": 0.603423,
        "nauc_map_at_10_std": -0.070276,
        "nauc_map_at_10_diff1": 0.788191,
        "nauc_map_at_20_max": 0.601615,
        "nauc_map_at_20_std": -0.068695,
        "nauc_map_at_20_diff1": 0.788179,
        "nauc_map_at_100_max": 0.601942,
        "nauc_map_at_100_std": -0.070129,
        "nauc_map_at_100_diff1": 0.78879,
        "nauc_map_at_1000_max": 0.601857,
        "nauc_map_at_1000_std": -0.070288,
        "nauc_map_at_1000_diff1": 0.788821,
        "nauc_recall_at_1_max": 0.578926,
        "nauc_recall_at_1_std": -0.116193,
        "nauc_recall_at_1_diff1": 0.812377,
        "nauc_recall_at_3_max": 0.629447,
        "nauc_recall_at_3_std": -0.028172,
        "nauc_recall_at_3_diff1": 0.73814,
        "nauc_recall_at_5_max": 0.659909,
        "nauc_recall_at_5_std": 0.041922,
        "nauc_recall_at_5_diff1": 0.744391,
        "nauc_recall_at_10_max": 0.648022,
        "nauc_recall_at_10_std": 0.07888,
        "nauc_recall_at_10_diff1": 0.722771,
        "nauc_recall_at_20_max": 0.607266,
        "nauc_recall_at_20_std": 0.204464,
        "nauc_recall_at_20_diff1": 0.704901,
        "nauc_recall_at_100_max": 0.671569,
        "nauc_recall_at_100_std": 0.163758,
        "nauc_recall_at_100_diff1": 0.755124,
        "nauc_recall_at_1000_max": NaN,
        "nauc_recall_at_1000_std": NaN,
        "nauc_recall_at_1000_diff1": NaN,
        "nauc_precision_at_1_max": 0.578926,
        "nauc_precision_at_1_std": -0.116193,
        "nauc_precision_at_1_diff1": 0.812377,
        "nauc_precision_at_3_max": 0.629447,
        "nauc_precision_at_3_std": -0.028172,
        "nauc_precision_at_3_diff1": 0.73814,
        "nauc_precision_at_5_max": 0.659909,
        "nauc_precision_at_5_std": 0.041922,
        "nauc_precision_at_5_diff1": 0.744391,
        "nauc_precision_at_10_max": 0.648022,
        "nauc_precision_at_10_std": 0.07888,
        "nauc_precision_at_10_diff1": 0.722771,
        "nauc_precision_at_20_max": 0.607266,
        "nauc_precision_at_20_std": 0.204464,
        "nauc_precision_at_20_diff1": 0.704901,
        "nauc_precision_at_100_max": 0.671569,
        "nauc_precision_at_100_std": 0.163758,
        "nauc_precision_at_100_diff1": 0.755124,
        "nauc_precision_at_1000_max": NaN,
        "nauc_precision_at_1000_std": NaN,
        "nauc_precision_at_1000_diff1": NaN,
        "nauc_mrr_at_1_max": 0.578926,
        "nauc_mrr_at_1_std": -0.116193,
        "nauc_mrr_at_1_diff1": 0.812377,
        "nauc_mrr_at_3_max": 0.601968,
        "nauc_mrr_at_3_std": -0.079349,
        "nauc_mrr_at_3_diff1": 0.786306,
        "nauc_mrr_at_5_max": 0.605322,
        "nauc_mrr_at_5_std": -0.070385,
        "nauc_mrr_at_5_diff1": 0.78884,
        "nauc_mrr_at_10_max": 0.603423,
        "nauc_mrr_at_10_std": -0.070276,
        "nauc_mrr_at_10_diff1": 0.788191,
        "nauc_mrr_at_20_max": 0.601615,
        "nauc_mrr_at_20_std": -0.068695,
        "nauc_mrr_at_20_diff1": 0.788179,
        "nauc_mrr_at_100_max": 0.601942,
        "nauc_mrr_at_100_std": -0.070129,
        "nauc_mrr_at_100_diff1": 0.78879,
        "nauc_mrr_at_1000_max": 0.601857,
        "nauc_mrr_at_1000_std": -0.070288,
        "nauc_mrr_at_1000_diff1": 0.788821,
        "main_score": 0.77899,
        "hf_subset": "ary_Arab-ary_Arab",
        "languages": [
          "ary-Arab",
          "ary-Arab"
        ]
      },
      {
        "ndcg_at_1": 0.71667,
        "ndcg_at_3": 0.78939,
        "ndcg_at_5": 0.80589,
        "ndcg_at_10": 0.81894,
        "ndcg_at_20": 0.82595,
        "ndcg_at_100": 0.83416,
        "ndcg_at_1000": 0.83551,
        "map_at_1": 0.71667,
        "map_at_3": 0.77185,
        "map_at_5": 0.78102,
        "map_at_10": 0.78648,
        "map_at_20": 0.7884,
        "map_at_100": 0.78967,
        "map_at_1000": 0.78973,
        "recall_at_1": 0.71667,
        "recall_at_3": 0.84,
        "recall_at_5": 0.88,
        "recall_at_10": 0.92,
        "recall_at_20": 0.94778,
        "recall_at_100": 0.99,
        "recall_at_1000": 1.0,
        "precision_at_1": 0.71667,
        "precision_at_3": 0.28,
        "precision_at_5": 0.176,
        "precision_at_10": 0.092,
        "precision_at_20": 0.04739,
        "precision_at_100": 0.0099,
        "precision_at_1000": 0.001,
        "mrr_at_1": 0.716667,
        "mrr_at_3": 0.771852,
        "mrr_at_5": 0.781019,
        "mrr_at_10": 0.786479,
        "mrr_at_20": 0.788396,
        "mrr_at_100": 0.789671,
        "mrr_at_1000": 0.789734,
        "nauc_ndcg_at_1_max": 0.56367,
        "nauc_ndcg_at_1_std": 0.002817,
        "nauc_ndcg_at_1_diff1": 0.826661,
        "nauc_ndcg_at_3_max": 0.582955,
        "nauc_ndcg_at_3_std": 0.047222,
        "nauc_ndcg_at_3_diff1": 0.78971,
        "nauc_ndcg_at_5_max": 0.572299,
        "nauc_ndcg_at_5_std": 0.062537,
        "nauc_ndcg_at_5_diff1": 0.782825,
        "nauc_ndcg_at_10_max": 0.577372,
        "nauc_ndcg_at_10_std": 0.061679,
        "nauc_ndcg_at_10_diff1": 0.787819,
        "nauc_ndcg_at_20_max": 0.581215,
        "nauc_ndcg_at_20_std": 0.062218,
        "nauc_ndcg_at_20_diff1": 0.791164,
        "nauc_ndcg_at_100_max": 0.577514,
        "nauc_ndcg_at_100_std": 0.056633,
        "nauc_ndcg_at_100_diff1": 0.794726,
        "nauc_ndcg_at_1000_max": 0.575389,
        "nauc_ndcg_at_1000_std": 0.05012,
        "nauc_ndcg_at_1000_diff1": 0.795852,
        "nauc_map_at_1_max": 0.56367,
        "nauc_map_at_1_std": 0.002817,