{
  "dataset_revision": "75b399394a9803252cfec289d103de462763db7c",
  "task_name": "BelebeleRetrieval",
  "mteb_version": "1.34.22",
  "scores": {
    "test": [
      {
        "ndcg_at_1": 0.34967,
        "ndcg_at_3": 0.4227,
        "ndcg_at_5": 0.44685,
        "ndcg_at_10": 0.46815,
        "ndcg_at_20": 0.49017,
        "ndcg_at_100": 0.52083,
        "ndcg_at_1000": 0.54085,
        "map_at_1": 0.34967,
        "map_at_3": 0.40516,
        "map_at_5": 0.41875,
        "map_at_10": 0.42777,
        "map_at_20": 0.43385,
        "map_at_100": 0.43799,
        "map_at_1000": 0.43886,
        "recall_at_1": 0.34967,
        "recall_at_3": 0.47327,
        "recall_at_5": 0.53118,
        "recall_at_10": 0.59577,
        "recall_at_20": 0.68263,
        "recall_at_100": 0.84967,
        "recall_at_1000": 1.0,
        "precision_at_1": 0.34967,
        "precision_at_3": 0.15776,
        "precision_at_5": 0.10624,
        "precision_at_10": 0.05958,
        "precision_at_20": 0.03413,
        "precision_at_100": 0.0085,
        "precision_at_1000": 0.001,
        "mrr_at_1": 0.349666,
        "mrr_at_3": 0.40516,
        "mrr_at_5": 0.418745,
        "mrr_at_10": 0.427773,
        "mrr_at_20": 0.43385,
        "mrr_at_100": 0.437985,
        "mrr_at_1000": 0.43886,
        "nauc_ndcg_at_1_max": 0.628838,
        "nauc_ndcg_at_1_std": -0.081597,
        "nauc_ndcg_at_1_diff1": 0.63134,
        "nauc_ndcg_at_3_max": 0.605886,
        "nauc_ndcg_at_3_std": -0.0859,
        "nauc_ndcg_at_3_diff1": 0.544186,
        "nauc_ndcg_at_5_max": 0.601414,
        "nauc_ndcg_at_5_std": -0.074256,
        "nauc_ndcg_at_5_diff1": 0.528794,
        "nauc_ndcg_at_10_max": 0.59075,
        "nauc_ndcg_at_10_std": -0.079268,
        "nauc_ndcg_at_10_diff1": 0.517672,
        "nauc_ndcg_at_20_max": 0.584651,
        "nauc_ndcg_at_20_std": -0.079666,
        "nauc_ndcg_at_20_diff1": 0.517585,
        "nauc_ndcg_at_100_max": 0.585712,
        "nauc_ndcg_at_100_std": -0.082487,
        "nauc_ndcg_at_100_diff1": 0.523498,
        "nauc_ndcg_at_1000_max": 0.594959,
        "nauc_ndcg_at_1000_std": -0.079837,
        "nauc_ndcg_at_1000_diff1": 0.535064,
        "nauc_map_at_1_max": 0.628838,
        "nauc_map_at_1_std": -0.081597,
        "nauc_map_at_1_diff1": 0.63134,
        "nauc_map_at_3_max": 0.612152,
        "nauc_map_at_3_std": -0.084315,
        "nauc_map_at_3_diff1": 0.564834,
        "nauc_map_at_5_max": 0.609789,
        "nauc_map_at_5_std": -0.077544,
        "nauc_map_at_5_diff1": 0.556366,
        "nauc_map_at_10_max": 0.605694,
        "nauc_map_at_10_std": -0.079414,
        "nauc_map_at_10_diff1": 0.552118,
        "nauc_map_at_20_max": 0.604221,
        "nauc_map_at_20_std": -0.07925,
        "nauc_map_at_20_diff1": 0.552594,
        "nauc_map_at_100_max": 0.604219,
        "nauc_map_at_100_std": -0.079478,
        "nauc_map_at_100_diff1": 0.553199,
        "nauc_map_at_1000_max": 0.604584,
        "nauc_map_at_1000_std": -0.079412,
        "nauc_map_at_1000_diff1": 0.553603,
        "nauc_recall_at_1_max": 0.628838,
        "nauc_recall_at_1_std": -0.081597,
        "nauc_recall_at_1_diff1": 0.63134,
        "nauc_recall_at_3_max": 0.587447,
        "nauc_recall_at_3_std": -0.090712,
        "nauc_recall_at_3_diff1": 0.484573,
        "nauc_recall_at_5_max": 0.575338,
        "nauc_recall_at_5_std": -0.063371,
        "nauc_recall_at_5_diff1": 0.444457,
        "nauc_recall_at_10_max": 0.537096,
        "nauc_recall_at_10_std": -0.080392,
        "nauc_recall_at_10_diff1": 0.401232,
        "nauc_recall_at_20_max": 0.49834,
        "nauc_recall_at_20_std": -0.085107,
        "nauc_recall_at_20_diff1": 0.378698,
        "nauc_recall_at_100_max": 0.445505,
        "nauc_recall_at_100_std": -0.125891,
        "nauc_recall_at_100_diff1": 0.340874,
        "nauc_recall_at_1000_max": NaN,
        "nauc_recall_at_1000_std": NaN,
        "nauc_recall_at_1000_diff1": NaN,
        "nauc_precision_at_1_max": 0.628838,
        "nauc_precision_at_1_std": -0.081597,
        "nauc_precision_at_1_diff1": 0.63134,
        "nauc_precision_at_3_max": 0.587447,
        "nauc_precision_at_3_std": -0.090712,
        "nauc_precision_at_3_diff1": 0.484573,
        "nauc_precision_at_5_max": 0.575338,
        "nauc_precision_at_5_std": -0.063371,
        "nauc_precision_at_5_diff1": 0.444457,
        "nauc_precision_at_10_max": 0.537096,
        "nauc_precision_at_10_std": -0.080392,
        "nauc_precision_at_10_diff1": 0.401232,
        "nauc_precision_at_20_max": 0.49834,
        "nauc_precision_at_20_std": -0.085107,
        "nauc_precision_at_20_diff1": 0.378698,
        "nauc_precision_at_100_max": 0.445505,
        "nauc_precision_at_100_std": -0.125891,
        "nauc_precision_at_100_diff1": 0.340874,
        "nauc_precision_at_1000_max": NaN,
        "nauc_precision_at_1000_std": NaN,
        "nauc_precision_at_1000_diff1": NaN,
        "nauc_mrr_at_1_max": 0.628838,
        "nauc_mrr_at_1_std": -0.081597,
        "nauc_mrr_at_1_diff1": 0.63134,
        "nauc_mrr_at_3_max": 0.612152,
        "nauc_mrr_at_3_std": -0.084315,
        "nauc_mrr_at_3_diff1": 0.564834,
        "nauc_mrr_at_5_max": 0.609789,
        "nauc_mrr_at_5_std": -0.077544,
        "nauc_mrr_at_5_diff1": 0.556366,
        "nauc_mrr_at_10_max": 0.605694,
        "nauc_mrr_at_10_std": -0.079414,
        "nauc_mrr_at_10_diff1": 0.552118,
        "nauc_mrr_at_20_max": 0.604221,
        "nauc_mrr_at_20_std": -0.07925,
        "nauc_mrr_at_20_diff1": 0.552594,
        "nauc_mrr_at_100_max": 0.604219,
        "nauc_mrr_at_100_std": -0.079478,
        "nauc_mrr_at_100_diff1": 0.553199,
        "nauc_mrr_at_1000_max": 0.604584,
        "nauc_mrr_at_1000_std": -0.079412,
        "nauc_mrr_at_1000_diff1": 0.553603,
        "main_score": 0.46815,
        "hf_subset": "ary_Arab-ary_Arab",
        "languages": [
          "ary-Arab",
          "ary-Arab"
        ]
      },
      {
        "ndcg_at_1": 0.15444,
        "ndcg_at_3": 0.20909,
        "ndcg_at_5": 0.23605,
        "ndcg_at_10": 0.26171,
        "ndcg_at_20": 0.28498,
        "ndcg_at_100": 0.33258,
        "ndcg_at_1000": 0.36582,
        "map_at_1": 0.15444,
        "map_at_3": 0.19537,
        "map_at_5": 0.21031,
        "map_at_10": 0.22078,
        "map_at_20": 0.22714,
        "map_at_100": 0.23341,
        "map_at_1000": 0.2348,
        "recall_at_1": 0.15444,
        "recall_at_3": 0.24889,
        "recall_at_5": 0.31444,
        "recall_at_10": 0.39444,
        "recall_at_20": 0.48667,
        "recall_at_100": 0.74778,
        "recall_at_1000": 1.0,
        "precision_at_1": 0.15444,
        "precision_at_3": 0.08296,
        "precision_at_5": 0.06289,
        "precision_at_10": 0.03944,
        "precision_at_20": 0.02433,
        "precision_at_100": 0.00748,
        "precision_at_1000": 0.001,
        "mrr_at_1": 0.154444,
        "mrr_at_3": 0.19537,
        "mrr_at_5": 0.210315,
        "mrr_at_10": 0.220777,
        "mrr_at_20": 0.227143,
        "mrr_at_100": 0.233413,
        "mrr_at_1000": 0.234799,
        "nauc_ndcg_at_1_max": 0.441524,
        "nauc_ndcg_at_1_std": 0.04688,
        "nauc_ndcg_at_1_diff1": 0.428789,
        "nauc_ndcg_at_3_max": 0.440809,
        "nauc_ndcg_at_3_std": 0.054969,
        "nauc_ndcg_at_3_diff1": 0.34488,
        "nauc_ndcg_at_5_max": 0.426535,
        "nauc_ndcg_at_5_std": 0.057921,
        "nauc_ndcg_at_5_diff1": 0.333387,
        "nauc_ndcg_at_10_max": 0.403389,
        "nauc_ndcg_at_10_std": 0.058324,
        "nauc_ndcg_at_10_diff1": 0.318045,
        "nauc_ndcg_at_20_max": 0.40082,
        "nauc_ndcg_at_20_std": 0.051514,
        "nauc_ndcg_at_20_diff1": 0.314577,
        "nauc_ndcg_at_100_max": 0.398425,
        "nauc_ndcg_at_100_std": 0.049235,
        "nauc_ndcg_at_100_diff1": 0.318552,
        "nauc_ndcg_at_1000_max": 0.409446,
        "nauc_ndcg_at_1000_std": 0.052951,
        "nauc_ndcg_at_1000_diff1": 0.329386,
        "nauc_map_at_1_max": 0.441524,
        "nauc_map_at_1_std": 0.04688,