{
  "dataset_revision": "75b399394a9803252cfec289d103de462763db7c",
  "task_name": "BelebeleRetrieval",
  "mteb_version": "1.34.22",
  "scores": {
    "test": [
      {
        "ndcg_at_1": 0.57016,
        "ndcg_at_3": 0.64822,
        "ndcg_at_5": 0.67583,
        "ndcg_at_10": 0.69292,
        "ndcg_at_20": 0.7077,
        "ndcg_at_100": 0.72441,
        "ndcg_at_1000": 0.72846,
        "map_at_1": 0.57016,
        "map_at_3": 0.62936,
        "map_at_5": 0.64473,
        "map_at_10": 0.65188,
        "map_at_20": 0.65587,
        "map_at_100": 0.65823,
        "map_at_1000": 0.65841,
        "recall_at_1": 0.57016,
        "recall_at_3": 0.70267,
        "recall_at_5": 0.76949,
        "recall_at_10": 0.82183,
        "recall_at_20": 0.88085,
        "recall_at_100": 0.96993,
        "recall_at_1000": 1.0,
        "precision_at_1": 0.57016,
        "precision_at_3": 0.23422,
        "precision_at_5": 0.1539,
        "precision_at_10": 0.08218,
        "precision_at_20": 0.04404,
        "precision_at_100": 0.0097,
        "precision_at_1000": 0.001,
        "mrr_at_1": 0.570156,
        "mrr_at_3": 0.629362,
        "mrr_at_5": 0.644729,
        "mrr_at_10": 0.651877,
        "mrr_at_20": 0.655865,
        "mrr_at_100": 0.658225,
        "mrr_at_1000": 0.658412,
        "nauc_ndcg_at_1_max": 0.571343,
        "nauc_ndcg_at_1_std": -0.059172,
        "nauc_ndcg_at_1_diff1": 0.67197,
        "nauc_ndcg_at_3_max": 0.595483,
        "nauc_ndcg_at_3_std": -0.010694,
        "nauc_ndcg_at_3_diff1": 0.62324,
        "nauc_ndcg_at_5_max": 0.59048,
        "nauc_ndcg_at_5_std": 0.002769,
        "nauc_ndcg_at_5_diff1": 0.614562,
        "nauc_ndcg_at_10_max": 0.59114,
        "nauc_ndcg_at_10_std": 0.002821,
        "nauc_ndcg_at_10_diff1": 0.607148,
        "nauc_ndcg_at_20_max": 0.59406,
        "nauc_ndcg_at_20_std": 0.014197,
        "nauc_ndcg_at_20_diff1": 0.606558,
        "nauc_ndcg_at_100_max": 0.591702,
        "nauc_ndcg_at_100_std": 0.002095,
        "nauc_ndcg_at_100_diff1": 0.620283,
        "nauc_ndcg_at_1000_max": 0.589586,
        "nauc_ndcg_at_1000_std": -0.005928,
        "nauc_ndcg_at_1000_diff1": 0.621505,
        "nauc_map_at_1_max": 0.571343,
        "nauc_map_at_1_std": -0.059172,
        "nauc_map_at_1_diff1": 0.67197,
        "nauc_map_at_3_max": 0.589142,
        "nauc_map_at_3_std": -0.024091,
        "nauc_map_at_3_diff1": 0.63505,
        "nauc_map_at_5_max": 0.586549,
        "nauc_map_at_5_std": -0.017155,
        "nauc_map_at_5_diff1": 0.630728,
        "nauc_map_at_10_max": 0.586748,
        "nauc_map_at_10_std": -0.017672,
        "nauc_map_at_10_diff1": 0.628286,
        "nauc_map_at_20_max": 0.587281,
        "nauc_map_at_20_std": -0.015354,
        "nauc_map_at_20_diff1": 0.628318,
        "nauc_map_at_100_max": 0.586879,
        "nauc_map_at_100_std": -0.017078,
        "nauc_map_at_100_diff1": 0.630151,
        "nauc_map_at_1000_max": 0.586798,
        "nauc_map_at_1000_std": -0.017395,
        "nauc_map_at_1000_diff1": 0.630163,
        "nauc_recall_at_1_max": 0.571343,
        "nauc_recall_at_1_std": -0.059172,
        "nauc_recall_at_1_diff1": 0.67197,
        "nauc_recall_at_3_max": 0.616446,
        "nauc_recall_at_3_std": 0.033912,
        "nauc_recall_at_3_diff1": 0.584671,
        "nauc_recall_at_5_max": 0.604448,
        "nauc_recall_at_5_std": 0.083041,
        "nauc_recall_at_5_diff1": 0.550605,
        "nauc_recall_at_10_max": 0.610643,
        "nauc_recall_at_10_std": 0.104189,
        "nauc_recall_at_10_diff1": 0.500444,
        "nauc_recall_at_20_max": 0.644558,
        "nauc_recall_at_20_std": 0.243248,
        "nauc_recall_at_20_diff1": 0.450383,
        "nauc_recall_at_100_max": 0.70714,
        "nauc_recall_at_100_std": 0.435776,
        "nauc_recall_at_100_diff1": 0.536738,
        "nauc_recall_at_1000_max": NaN,
        "nauc_recall_at_1000_std": NaN,
        "nauc_recall_at_1000_diff1": NaN,
        "nauc_precision_at_1_max": 0.571343,
        "nauc_precision_at_1_std": -0.059172,
        "nauc_precision_at_1_diff1": 0.67197,
        "nauc_precision_at_3_max": 0.616446,
        "nauc_precision_at_3_std": 0.033912,
        "nauc_precision_at_3_diff1": 0.584671,
        "nauc_precision_at_5_max": 0.604448,
        "nauc_precision_at_5_std": 0.083041,
        "nauc_precision_at_5_diff1": 0.550605,
        "nauc_precision_at_10_max": 0.610643,
        "nauc_precision_at_10_std": 0.104189,
        "nauc_precision_at_10_diff1": 0.500444,
        "nauc_precision_at_20_max": 0.644558,
        "nauc_precision_at_20_std": 0.243248,
        "nauc_precision_at_20_diff1": 0.450383,
        "nauc_precision_at_100_max": 0.70714,
        "nauc_precision_at_100_std": 0.435776,
        "nauc_precision_at_100_diff1": 0.536738,
        "nauc_precision_at_1000_max": NaN,
        "nauc_precision_at_1000_std": NaN,
        "nauc_precision_at_1000_diff1": NaN,
        "nauc_mrr_at_1_max": 0.571343,
        "nauc_mrr_at_1_std": -0.059172,
        "nauc_mrr_at_1_diff1": 0.67197,
        "nauc_mrr_at_3_max": 0.589142,
        "nauc_mrr_at_3_std": -0.024091,
        "nauc_mrr_at_3_diff1": 0.63505,
        "nauc_mrr_at_5_max": 0.586549,
        "nauc_mrr_at_5_std": -0.017155,
        "nauc_mrr_at_5_diff1": 0.630728,
        "nauc_mrr_at_10_max": 0.586748,
        "nauc_mrr_at_10_std": -0.017672,
        "nauc_mrr_at_10_diff1": 0.628286,
        "nauc_mrr_at_20_max": 0.587281,
        "nauc_mrr_at_20_std": -0.015354,
        "nauc_mrr_at_20_diff1": 0.628318,
        "nauc_mrr_at_100_max": 0.586879,
        "nauc_mrr_at_100_std": -0.017078,
        "nauc_mrr_at_100_diff1": 0.630151,
        "nauc_mrr_at_1000_max": 0.586798,
        "nauc_mrr_at_1000_std": -0.017395,
        "nauc_mrr_at_1000_diff1": 0.630163,
        "main_score": 0.69292,
        "hf_subset": "ary_Arab-ary_Arab",
        "languages": [
          "ary-Arab",
          "ary-Arab"
        ]
      },
      {
        "ndcg_at_1": 0.60444,
        "ndcg_at_3": 0.68173,
        "ndcg_at_5": 0.7055,
        "ndcg_at_10": 0.72379,
        "ndcg_at_20": 0.73713,
        "ndcg_at_100": 0.75124,
        "ndcg_at_1000": 0.75424,
        "map_at_1": 0.60444,
        "map_at_3": 0.66241,
        "map_at_5": 0.67585,
        "map_at_10": 0.68338,
        "map_at_20": 0.68711,
        "map_at_100": 0.68916,
        "map_at_1000": 0.6893,
        "recall_at_1": 0.60444,
        "recall_at_3": 0.73778,
        "recall_at_5": 0.79444,
        "recall_at_10": 0.85111,
        "recall_at_20": 0.90333,
        "recall_at_100": 0.97778,
        "recall_at_1000": 1.0,
        "precision_at_1": 0.60444,
        "precision_at_3": 0.24593,
        "precision_at_5": 0.15889,
        "precision_at_10": 0.08511,
        "precision_at_20": 0.04517,
        "precision_at_100": 0.00978,
        "precision_at_1000": 0.001,
        "mrr_at_1": 0.604444,
        "mrr_at_3": 0.662407,
        "mrr_at_5": 0.675852,
        "mrr_at_10": 0.683376,
        "mrr_at_20": 0.687109,
        "mrr_at_100": 0.689158,
        "mrr_at_1000": 0.689297,
        "nauc_ndcg_at_1_max": 0.544847,
        "nauc_ndcg_at_1_std": -0.079793,
        "nauc_ndcg_at_1_diff1": 0.690712,
        "nauc_ndcg_at_3_max": 0.5926,
        "nauc_ndcg_at_3_std": -0.030238,
        "nauc_ndcg_at_3_diff1": 0.650683,
        "nauc_ndcg_at_5_max": 0.585652,
        "nauc_ndcg_at_5_std": -0.021852,
        "nauc_ndcg_at_5_diff1": 0.645481,
        "nauc_ndcg_at_10_max": 0.583057,
        "nauc_ndcg_at_10_std": -0.009057,
        "nauc_ndcg_at_10_diff1": 0.642425,
        "nauc_ndcg_at_20_max": 0.581279,
        "nauc_ndcg_at_20_std": -0.00111,
        "nauc_ndcg_at_20_diff1": 0.643211,
        "nauc_ndcg_at_100_max": 0.58195,
        "nauc_ndcg_at_100_std": -0.014837,
        "nauc_ndcg_at_100_diff1": 0.651593,
        "nauc_ndcg_at_1000_max": 0.578204,
        "nauc_ndcg_at_1000_std": -0.023403,
        "nauc_ndcg_at_1000_diff1": 0.653074,
        "nauc_map_at_1_max": 0.544847,
        "nauc_map_at_1_std": -0.079793,