{
  "dataset_revision": "75b399394a9803252cfec289d103de462763db7c",
  "task_name": "BelebeleRetrieval",
  "mteb_version": "1.34.22",
  "scores": {
    "test": [
      {
        "ndcg_at_1": 0.49109,
        "ndcg_at_3": 0.57766,
        "ndcg_at_5": 0.60177,
        "ndcg_at_10": 0.62356,
        "ndcg_at_20": 0.63878,
        "ndcg_at_100": 0.65961,
        "ndcg_at_1000": 0.66794,
        "map_at_1": 0.49109,
        "map_at_3": 0.55605,
        "map_at_5": 0.56958,
        "map_at_10": 0.57868,
        "map_at_20": 0.58287,
        "map_at_100": 0.58573,
        "map_at_1000": 0.58609,
        "recall_at_1": 0.49109,
        "recall_at_3": 0.64031,
        "recall_at_5": 0.69822,
        "recall_at_10": 0.76503,
        "recall_at_20": 0.82517,
        "recall_at_100": 0.93764,
        "recall_at_1000": 1.0,
        "precision_at_1": 0.49109,
        "precision_at_3": 0.21344,
        "precision_at_5": 0.13964,
        "precision_at_10": 0.0765,
        "precision_at_20": 0.04126,
        "precision_at_100": 0.00938,
        "precision_at_1000": 0.001,
        "mrr_at_1": 0.491091,
        "mrr_at_3": 0.55605,
        "mrr_at_5": 0.569581,
        "mrr_at_10": 0.578679,
        "mrr_at_20": 0.582867,
        "mrr_at_100": 0.585727,
        "mrr_at_1000": 0.586092,
        "nauc_ndcg_at_1_max": 0.395826,
        "nauc_ndcg_at_1_std": -0.059085,
        "nauc_ndcg_at_1_diff1": 0.648586,
        "nauc_ndcg_at_3_max": 0.411856,
        "nauc_ndcg_at_3_std": -0.032132,
        "nauc_ndcg_at_3_diff1": 0.586681,
        "nauc_ndcg_at_5_max": 0.402149,
        "nauc_ndcg_at_5_std": -0.027682,
        "nauc_ndcg_at_5_diff1": 0.57377,
        "nauc_ndcg_at_10_max": 0.388176,
        "nauc_ndcg_at_10_std": -0.028356,
        "nauc_ndcg_at_10_diff1": 0.578623,
        "nauc_ndcg_at_20_max": 0.393508,
        "nauc_ndcg_at_20_std": -0.016605,
        "nauc_ndcg_at_20_diff1": 0.58115,
        "nauc_ndcg_at_100_max": 0.39804,
        "nauc_ndcg_at_100_std": -0.009298,
        "nauc_ndcg_at_100_diff1": 0.59247,
        "nauc_ndcg_at_1000_max": 0.397049,
        "nauc_ndcg_at_1000_std": -0.025707,
        "nauc_ndcg_at_1000_diff1": 0.592613,
        "nauc_map_at_1_max": 0.395826,
        "nauc_map_at_1_std": -0.059085,
        "nauc_map_at_1_diff1": 0.648586,
        "nauc_map_at_3_max": 0.407753,
        "nauc_map_at_3_std": -0.040012,
        "nauc_map_at_3_diff1": 0.60282,
        "nauc_map_at_5_max": 0.402234,
        "nauc_map_at_5_std": -0.037823,
        "nauc_map_at_5_diff1": 0.59624,
        "nauc_map_at_10_max": 0.396841,
        "nauc_map_at_10_std": -0.038263,
        "nauc_map_at_10_diff1": 0.59829,
        "nauc_map_at_20_max": 0.398076,
        "nauc_map_at_20_std": -0.035408,
        "nauc_map_at_20_diff1": 0.598948,
        "nauc_map_at_100_max": 0.398651,
        "nauc_map_at_100_std": -0.034864,
        "nauc_map_at_100_diff1": 0.600539,
        "nauc_map_at_1000_max": 0.398595,
        "nauc_map_at_1000_std": -0.035516,
        "nauc_map_at_1000_diff1": 0.600562,
        "nauc_recall_at_1_max": 0.395826,
        "nauc_recall_at_1_std": -0.059085,
        "nauc_recall_at_1_diff1": 0.648586,
        "nauc_recall_at_3_max": 0.425064,
        "nauc_recall_at_3_std": -0.006308,
        "nauc_recall_at_3_diff1": 0.534596,
        "nauc_recall_at_5_max": 0.400549,
        "nauc_recall_at_5_std": 0.00943,
        "nauc_recall_at_5_diff1": 0.492112,
        "nauc_recall_at_10_max": 0.341916,
        "nauc_recall_at_10_std": 0.014567,
        "nauc_recall_at_10_diff1": 0.496329,
        "nauc_recall_at_20_max": 0.366539,
        "nauc_recall_at_20_std": 0.103959,
        "nauc_recall_at_20_diff1": 0.491959,
        "nauc_recall_at_100_max": 0.422673,
        "nauc_recall_at_100_std": 0.473629,
        "nauc_recall_at_100_diff1": 0.588988,
        "nauc_recall_at_1000_max": NaN,
        "nauc_recall_at_1000_std": NaN,
        "nauc_recall_at_1000_diff1": NaN,
        "nauc_precision_at_1_max": 0.395826,
        "nauc_precision_at_1_std": -0.059085,
        "nauc_precision_at_1_diff1": 0.648586,
        "nauc_precision_at_3_max": 0.425064,
        "nauc_precision_at_3_std": -0.006308,
        "nauc_precision_at_3_diff1": 0.534596,
        "nauc_precision_at_5_max": 0.400549,
        "nauc_precision_at_5_std": 0.00943,
        "nauc_precision_at_5_diff1": 0.492112,
        "nauc_precision_at_10_max": 0.341916,
        "nauc_precision_at_10_std": 0.014567,
        "nauc_precision_at_10_diff1": 0.496329,
        "nauc_precision_at_20_max": 0.366539,
        "nauc_precision_at_20_std": 0.103959,
        "nauc_precision_at_20_diff1": 0.491959,
        "nauc_precision_at_100_max": 0.422673,
        "nauc_precision_at_100_std": 0.473629,
        "nauc_precision_at_100_diff1": 0.588988,
        "nauc_precision_at_1000_max": NaN,
        "nauc_precision_at_1000_std": NaN,
        "nauc_precision_at_1000_diff1": NaN,
        "nauc_mrr_at_1_max": 0.395826,
        "nauc_mrr_at_1_std": -0.059085,
        "nauc_mrr_at_1_diff1": 0.648586,
        "nauc_mrr_at_3_max": 0.407753,
        "nauc_mrr_at_3_std": -0.040012,
        "nauc_mrr_at_3_diff1": 0.60282,
        "nauc_mrr_at_5_max": 0.402234,
        "nauc_mrr_at_5_std": -0.037823,
        "nauc_mrr_at_5_diff1": 0.59624,
        "nauc_mrr_at_10_max": 0.396841,
        "nauc_mrr_at_10_std": -0.038263,
        "nauc_mrr_at_10_diff1": 0.59829,
        "nauc_mrr_at_20_max": 0.398076,
        "nauc_mrr_at_20_std": -0.035408,
        "nauc_mrr_at_20_diff1": 0.598948,
        "nauc_mrr_at_100_max": 0.398651,
        "nauc_mrr_at_100_std": -0.034864,
        "nauc_mrr_at_100_diff1": 0.600539,
        "nauc_mrr_at_1000_max": 0.398595,
        "nauc_mrr_at_1000_std": -0.035516,
        "nauc_mrr_at_1000_diff1": 0.600562,
        "main_score": 0.62356,
        "hf_subset": "ary_Arab-ary_Arab",
        "languages": [
          "ary-Arab",
          "ary-Arab"
        ]
      },
      {
        "ndcg_at_1": 0.50222,
        "ndcg_at_3": 0.585,
        "ndcg_at_5": 0.61296,
        "ndcg_at_10": 0.63405,
        "ndcg_at_20": 0.64829,
        "ndcg_at_100": 0.66962,
        "ndcg_at_1000": 0.67691,
        "map_at_1": 0.50222,
        "map_at_3": 0.56481,
        "map_at_5": 0.58009,
        "map_at_10": 0.58893,
        "map_at_20": 0.59294,
        "map_at_100": 0.59599,
        "map_at_1000": 0.59632,
        "recall_at_1": 0.50222,
        "recall_at_3": 0.64333,
        "recall_at_5": 0.71222,
        "recall_at_10": 0.77667,
        "recall_at_20": 0.83222,
        "recall_at_100": 0.94556,
        "recall_at_1000": 1.0,
        "precision_at_1": 0.50222,
        "precision_at_3": 0.21444,
        "precision_at_5": 0.14244,
        "precision_at_10": 0.07767,
        "precision_at_20": 0.04161,
        "precision_at_100": 0.00946,
        "precision_at_1000": 0.001,
        "mrr_at_1": 0.502222,
        "mrr_at_3": 0.564815,
        "mrr_at_5": 0.580093,
        "mrr_at_10": 0.588933,
        "mrr_at_20": 0.59294,
        "mrr_at_100": 0.595991,
        "mrr_at_1000": 0.596317,
        "nauc_ndcg_at_1_max": 0.362275,
        "nauc_ndcg_at_1_std": 0.028468,
        "nauc_ndcg_at_1_diff1": 0.711857,
        "nauc_ndcg_at_3_max": 0.362322,
        "nauc_ndcg_at_3_std": 0.061465,
        "nauc_ndcg_at_3_diff1": 0.645034,
        "nauc_ndcg_at_5_max": 0.363713,
        "nauc_ndcg_at_5_std": 0.068735,
        "nauc_ndcg_at_5_diff1": 0.640614,
        "nauc_ndcg_at_10_max": 0.363783,
        "nauc_ndcg_at_10_std": 0.074869,
        "nauc_ndcg_at_10_diff1": 0.639516,
        "nauc_ndcg_at_20_max": 0.358456,
        "nauc_ndcg_at_20_std": 0.070775,
        "nauc_ndcg_at_20_diff1": 0.639612,
        "nauc_ndcg_at_100_max": 0.362103,
        "nauc_ndcg_at_100_std": 0.06527,
        "nauc_ndcg_at_100_diff1": 0.644776,
        "nauc_ndcg_at_1000_max": 0.361762,
        "nauc_ndcg_at_1000_std": 0.063089,
        "nauc_ndcg_at_1000_diff1": 0.650215,
        "nauc_map_at_1_max": 0.362275,
        "nauc_map_at_1_std": 0.028468,