{
  "dataset_revision": "75b399394a9803252cfec289d103de462763db7c",
  "task_name": "BelebeleRetrieval",
  "mteb_version": "1.34.22",
  "scores": {
    "test": [
      {
        "ndcg_at_1": 0.0657,
        "ndcg_at_3": 0.09578,
        "ndcg_at_5": 0.10853,
        "ndcg_at_10": 0.12555,
        "ndcg_at_20": 0.14525,
        "ndcg_at_100": 0.20121,
        "ndcg_at_1000": 0.25407,
        "map_at_1": 0.0657,
        "map_at_3": 0.08779,
        "map_at_5": 0.0948,
        "map_at_10": 0.10188,
        "map_at_20": 0.10713,
        "map_at_100": 0.11412,
        "map_at_1000": 0.11624,
        "recall_at_1": 0.0657,
        "recall_at_3": 0.11915,
        "recall_at_5": 0.15033,
        "recall_at_10": 0.20267,
        "recall_at_20": 0.28174,
        "recall_at_100": 0.59465,
        "recall_at_1000": 1.0,
        "precision_at_1": 0.0657,
        "precision_at_3": 0.03972,
        "precision_at_5": 0.03007,
        "precision_at_10": 0.02027,
        "precision_at_20": 0.01409,
        "precision_at_100": 0.00595,
        "precision_at_1000": 0.001,
        "mrr_at_1": 0.065702,
        "mrr_at_3": 0.087788,
        "mrr_at_5": 0.094803,
        "mrr_at_10": 0.101876,
        "mrr_at_20": 0.107127,
        "mrr_at_100": 0.114123,
        "mrr_at_1000": 0.116236,
        "nauc_ndcg_at_1_max": 0.449385,
        "nauc_ndcg_at_1_std": 0.441916,
        "nauc_ndcg_at_1_diff1": 0.191983,
        "nauc_ndcg_at_3_max": 0.424103,
        "nauc_ndcg_at_3_std": 0.429969,
        "nauc_ndcg_at_3_diff1": 0.100253,
        "nauc_ndcg_at_5_max": 0.399323,
        "nauc_ndcg_at_5_std": 0.409354,
        "nauc_ndcg_at_5_diff1": 0.105931,
        "nauc_ndcg_at_10_max": 0.389298,
        "nauc_ndcg_at_10_std": 0.411734,
        "nauc_ndcg_at_10_diff1": 0.102935,
        "nauc_ndcg_at_20_max": 0.380139,
        "nauc_ndcg_at_20_std": 0.38827,
        "nauc_ndcg_at_20_diff1": 0.090895,
        "nauc_ndcg_at_100_max": 0.369931,
        "nauc_ndcg_at_100_std": 0.381421,
        "nauc_ndcg_at_100_diff1": 0.086992,
        "nauc_ndcg_at_1000_max": 0.385958,
        "nauc_ndcg_at_1000_std": 0.398446,
        "nauc_ndcg_at_1000_diff1": 0.100191,
        "nauc_map_at_1_max": 0.449385,
        "nauc_map_at_1_std": 0.441916,
        "nauc_map_at_1_diff1": 0.191983,
        "nauc_map_at_3_max": 0.424778,
        "nauc_map_at_3_std": 0.43099,
        "nauc_map_at_3_diff1": 0.117135,
        "nauc_map_at_5_max": 0.409175,
        "nauc_map_at_5_std": 0.417861,
        "nauc_map_at_5_diff1": 0.120213,
        "nauc_map_at_10_max": 0.403963,
        "nauc_map_at_10_std": 0.418862,
        "nauc_map_at_10_diff1": 0.117607,
        "nauc_map_at_20_max": 0.400748,
        "nauc_map_at_20_std": 0.41083,
        "nauc_map_at_20_diff1": 0.113276,
        "nauc_map_at_100_max": 0.39792,
        "nauc_map_at_100_std": 0.40901,
        "nauc_map_at_100_diff1": 0.112947,
        "nauc_map_at_1000_max": 0.399075,
        "nauc_map_at_1000_std": 0.410236,
        "nauc_map_at_1000_diff1": 0.113667,
        "nauc_recall_at_1_max": 0.449385,
        "nauc_recall_at_1_std": 0.441916,
        "nauc_recall_at_1_diff1": 0.191983,
        "nauc_recall_at_3_max": 0.423879,
        "nauc_recall_at_3_std": 0.428101,
        "nauc_recall_at_3_diff1": 0.063274,
        "nauc_recall_at_5_max": 0.378872,
        "nauc_recall_at_5_std": 0.391272,
        "nauc_recall_at_5_diff1": 0.078252,
        "nauc_recall_at_10_max": 0.361814,
        "nauc_recall_at_10_std": 0.399123,
        "nauc_recall_at_10_diff1": 0.079022,
        "nauc_recall_at_20_max": 0.342753,
        "nauc_recall_at_20_std": 0.343895,
        "nauc_recall_at_20_diff1": 0.053002,
        "nauc_recall_at_100_max": 0.312995,
        "nauc_recall_at_100_std": 0.322259,
        "nauc_recall_at_100_diff1": 0.033943,
        "nauc_recall_at_1000_max": NaN,
        "nauc_recall_at_1000_std": NaN,
        "nauc_recall_at_1000_diff1": NaN,
        "nauc_precision_at_1_max": 0.449385,
        "nauc_precision_at_1_std": 0.441916,
        "nauc_precision_at_1_diff1": 0.191983,
        "nauc_precision_at_3_max": 0.423879,
        "nauc_precision_at_3_std": 0.428101,
        "nauc_precision_at_3_diff1": 0.063274,
        "nauc_precision_at_5_max": 0.378872,
        "nauc_precision_at_5_std": 0.391272,
        "nauc_precision_at_5_diff1": 0.078252,
        "nauc_precision_at_10_max": 0.361814,
        "nauc_precision_at_10_std": 0.399123,
        "nauc_precision_at_10_diff1": 0.079022,
        "nauc_precision_at_20_max": 0.342753,
        "nauc_precision_at_20_std": 0.343895,
        "nauc_precision_at_20_diff1": 0.053002,
        "nauc_precision_at_100_max": 0.312995,
        "nauc_precision_at_100_std": 0.322259,
        "nauc_precision_at_100_diff1": 0.033943,
        "nauc_precision_at_1000_max": NaN,
        "nauc_precision_at_1000_std": NaN,
        "nauc_precision_at_1000_diff1": NaN,
        "nauc_mrr_at_1_max": 0.449385,
        "nauc_mrr_at_1_std": 0.441916,
        "nauc_mrr_at_1_diff1": 0.191983,
        "nauc_mrr_at_3_max": 0.424778,
        "nauc_mrr_at_3_std": 0.43099,
        "nauc_mrr_at_3_diff1": 0.117135,
        "nauc_mrr_at_5_max": 0.409175,
        "nauc_mrr_at_5_std": 0.417861,
        "nauc_mrr_at_5_diff1": 0.120213,
        "nauc_mrr_at_10_max": 0.403963,
        "nauc_mrr_at_10_std": 0.418862,
        "nauc_mrr_at_10_diff1": 0.117607,
        "nauc_mrr_at_20_max": 0.400748,
        "nauc_mrr_at_20_std": 0.41083,
        "nauc_mrr_at_20_diff1": 0.113276,
        "nauc_mrr_at_100_max": 0.39792,
        "nauc_mrr_at_100_std": 0.40901,
        "nauc_mrr_at_100_diff1": 0.112947,
        "nauc_mrr_at_1000_max": 0.399075,
        "nauc_mrr_at_1000_std": 0.410236,
        "nauc_mrr_at_1000_diff1": 0.113667,
        "main_score": 0.12555,
        "hf_subset": "ary_Arab-ary_Arab",
        "languages": [
          "ary-Arab",
          "ary-Arab"
        ]
      },
      {
        "ndcg_at_1": 0.01444,
        "ndcg_at_3": 0.02645,
        "ndcg_at_5": 0.03233,
        "ndcg_at_10": 0.03827,
        "ndcg_at_20": 0.04592,
        "ndcg_at_100": 0.08371,
        "ndcg_at_1000": 0.17046,
        "map_at_1": 0.01444,
        "map_at_3": 0.02333,
        "map_at_5": 0.02656,
        "map_at_10": 0.02891,
        "map_at_20": 0.0309,
        "map_at_100": 0.03534,
        "map_at_1000": 0.03842,
        "recall_at_1": 0.01444,
        "recall_at_3": 0.03556,
        "recall_at_5": 0.05,
        "recall_at_10": 0.06889,
        "recall_at_20": 0.1,
        "recall_at_100": 0.31556,
        "recall_at_1000": 1.0,
        "precision_at_1": 0.01444,
        "precision_at_3": 0.01185,
        "precision_at_5": 0.01,
        "precision_at_10": 0.00689,
        "precision_at_20": 0.005,
        "precision_at_100": 0.00316,
        "precision_at_1000": 0.001,
        "mrr_at_1": 0.014444,
        "mrr_at_3": 0.023333,
        "mrr_at_5": 0.026556,
        "mrr_at_10": 0.028907,
        "mrr_at_20": 0.030897,
        "mrr_at_100": 0.035339,
        "mrr_at_1000": 0.038415,
        "nauc_ndcg_at_1_max": 0.222968,
        "nauc_ndcg_at_1_std": 0.329735,
        "nauc_ndcg_at_1_diff1": 0.409259,
        "nauc_ndcg_at_3_max": 0.271885,
        "nauc_ndcg_at_3_std": 0.34343,
        "nauc_ndcg_at_3_diff1": 0.165641,
        "nauc_ndcg_at_5_max": 0.235875,
        "nauc_ndcg_at_5_std": 0.285327,
        "nauc_ndcg_at_5_diff1": 0.147361,
        "nauc_ndcg_at_10_max": 0.22599,
        "nauc_ndcg_at_10_std": 0.273676,
        "nauc_ndcg_at_10_diff1": 0.13186,
        "nauc_ndcg_at_20_max": 0.211912,
        "nauc_ndcg_at_20_std": 0.252203,
        "nauc_ndcg_at_20_diff1": 0.127859,
        "nauc_ndcg_at_100_max": 0.170253,
        "nauc_ndcg_at_100_std": 0.240805,
        "nauc_ndcg_at_100_diff1": 0.089853,
        "nauc_ndcg_at_1000_max": 0.204849,
        "nauc_ndcg_at_1000_std": 0.267229,
        "nauc_ndcg_at_1000_diff1": 0.114868,
        "nauc_map_at_1_max": 0.222968,
        "nauc_map_at_1_std": 0.329735,
        "nauc_map_at_1_diff1": 0.409259,