{
  "dataset_revision": "75b399394a9803252cfec289d103de462763db7c",
  "task_name": "BelebeleRetrieval",
  "mteb_version": "1.34.22",
  "scores": {
    "test": [
      {
        "ndcg_at_1": 0.45991,
        "ndcg_at_3": 0.52931,
        "ndcg_at_5": 0.55394,
        "ndcg_at_10": 0.57324,
        "ndcg_at_20": 0.58335,
        "ndcg_at_100": 0.6162,
        "ndcg_at_1000": 0.62712,
        "map_at_1": 0.45991,
        "map_at_3": 0.51281,
        "map_at_5": 0.52639,
        "map_at_10": 0.53449,
        "map_at_20": 0.53725,
        "map_at_100": 0.5415,
        "map_at_1000": 0.54196,
        "recall_at_1": 0.45991,
        "recall_at_3": 0.57684,
        "recall_at_5": 0.63697,
        "recall_at_10": 0.69599,
        "recall_at_20": 0.73608,
        "recall_at_100": 0.91759,
        "recall_at_1000": 1.0,
        "precision_at_1": 0.45991,
        "precision_at_3": 0.19228,
        "precision_at_5": 0.12739,
        "precision_at_10": 0.0696,
        "precision_at_20": 0.0368,
        "precision_at_100": 0.00918,
        "precision_at_1000": 0.001,
        "mrr_at_1": 0.459911,
        "mrr_at_3": 0.512806,
        "mrr_at_5": 0.526392,
        "mrr_at_10": 0.534485,
        "mrr_at_20": 0.537248,
        "mrr_at_100": 0.541496,
        "mrr_at_1000": 0.541961,
        "nauc_ndcg_at_1_max": 0.031369,
        "nauc_ndcg_at_1_std": -0.436648,
        "nauc_ndcg_at_1_diff1": 0.722222,
        "nauc_ndcg_at_3_max": -0.037012,
        "nauc_ndcg_at_3_std": -0.505936,
        "nauc_ndcg_at_3_diff1": 0.677795,
        "nauc_ndcg_at_5_max": -0.071659,
        "nauc_ndcg_at_5_std": -0.536783,
        "nauc_ndcg_at_5_diff1": 0.663183,
        "nauc_ndcg_at_10_max": -0.088331,
        "nauc_ndcg_at_10_std": -0.538984,
        "nauc_ndcg_at_10_diff1": 0.659189,
        "nauc_ndcg_at_20_max": -0.097303,
        "nauc_ndcg_at_20_std": -0.547772,
        "nauc_ndcg_at_20_diff1": 0.663275,
        "nauc_ndcg_at_100_max": -0.079901,
        "nauc_ndcg_at_100_std": -0.525917,
        "nauc_ndcg_at_100_diff1": 0.667762,
        "nauc_ndcg_at_1000_max": -0.065976,
        "nauc_ndcg_at_1000_std": -0.521387,
        "nauc_ndcg_at_1000_diff1": 0.672328,
        "nauc_map_at_1_max": 0.031369,
        "nauc_map_at_1_std": -0.436648,
        "nauc_map_at_1_diff1": 0.722222,
        "nauc_map_at_3_max": -0.01995,
        "nauc_map_at_3_std": -0.490386,
        "nauc_map_at_3_diff1": 0.6885,
        "nauc_map_at_5_max": -0.03767,
        "nauc_map_at_5_std": -0.506144,
        "nauc_map_at_5_diff1": 0.681106,
        "nauc_map_at_10_max": -0.043284,
        "nauc_map_at_10_std": -0.505879,
        "nauc_map_at_10_diff1": 0.679792,
        "nauc_map_at_20_max": -0.045472,
        "nauc_map_at_20_std": -0.508149,
        "nauc_map_at_20_diff1": 0.680935,
        "nauc_map_at_100_max": -0.043601,
        "nauc_map_at_100_std": -0.505597,
        "nauc_map_at_100_diff1": 0.681563,
        "nauc_map_at_1000_max": -0.042982,
        "nauc_map_at_1000_std": -0.505348,
        "nauc_map_at_1000_diff1": 0.681699,
        "nauc_recall_at_1_max": 0.031369,
        "nauc_recall_at_1_std": -0.436648,
        "nauc_recall_at_1_diff1": 0.722222,
        "nauc_recall_at_3_max": -0.088976,
        "nauc_recall_at_3_std": -0.552534,
        "nauc_recall_at_3_diff1": 0.645358,
        "nauc_recall_at_5_max": -0.189794,
        "nauc_recall_at_5_std": -0.642382,
        "nauc_recall_at_5_diff1": 0.601752,
        "nauc_recall_at_10_max": -0.269665,
        "nauc_recall_at_10_std": -0.66856,
        "nauc_recall_at_10_diff1": 0.579135,
        "nauc_recall_at_20_max": -0.336786,
        "nauc_recall_at_20_std": -0.727784,
        "nauc_recall_at_20_diff1": 0.591011,
        "nauc_recall_at_100_max": -0.409757,
        "nauc_recall_at_100_std": -0.626796,
        "nauc_recall_at_100_diff1": 0.547611,
        "nauc_recall_at_1000_max": NaN,
        "nauc_recall_at_1000_std": NaN,
        "nauc_recall_at_1000_diff1": NaN,
        "nauc_precision_at_1_max": 0.031369,
        "nauc_precision_at_1_std": -0.436648,
        "nauc_precision_at_1_diff1": 0.722222,
        "nauc_precision_at_3_max": -0.088976,
        "nauc_precision_at_3_std": -0.552534,
        "nauc_precision_at_3_diff1": 0.645358,
        "nauc_precision_at_5_max": -0.189794,
        "nauc_precision_at_5_std": -0.642382,
        "nauc_precision_at_5_diff1": 0.601752,
        "nauc_precision_at_10_max": -0.269665,
        "nauc_precision_at_10_std": -0.66856,
        "nauc_precision_at_10_diff1": 0.579135,
        "nauc_precision_at_20_max": -0.336786,
        "nauc_precision_at_20_std": -0.727784,
        "nauc_precision_at_20_diff1": 0.591011,
        "nauc_precision_at_100_max": -0.409757,
        "nauc_precision_at_100_std": -0.626796,
        "nauc_precision_at_100_diff1": 0.547611,
        "nauc_precision_at_1000_max": NaN,
        "nauc_precision_at_1000_std": NaN,
        "nauc_precision_at_1000_diff1": NaN,
        "nauc_mrr_at_1_max": 0.031369,
        "nauc_mrr_at_1_std": -0.436648,
        "nauc_mrr_at_1_diff1": 0.722222,
        "nauc_mrr_at_3_max": -0.01995,
        "nauc_mrr_at_3_std": -0.490386,
        "nauc_mrr_at_3_diff1": 0.6885,
        "nauc_mrr_at_5_max": -0.03767,
        "nauc_mrr_at_5_std": -0.506144,
        "nauc_mrr_at_5_diff1": 0.681106,
        "nauc_mrr_at_10_max": -0.043284,
        "nauc_mrr_at_10_std": -0.505879,
        "nauc_mrr_at_10_diff1": 0.679792,
        "nauc_mrr_at_20_max": -0.045472,
        "nauc_mrr_at_20_std": -0.508149,
        "nauc_mrr_at_20_diff1": 0.680935,
        "nauc_mrr_at_100_max": -0.043601,
        "nauc_mrr_at_100_std": -0.505597,
        "nauc_mrr_at_100_diff1": 0.681563,
        "nauc_mrr_at_1000_max": -0.042982,
        "nauc_mrr_at_1000_std": -0.505348,
        "nauc_mrr_at_1000_diff1": 0.681699,
        "main_score": 0.57324,
        "hf_subset": "ary_Arab-ary_Arab",
        "languages": [
          "ary-Arab",
          "ary-Arab"
        ]
      },
      {
        "ndcg_at_1": 0.57667,
        "ndcg_at_3": 0.67151,
        "ndcg_at_5": 0.6969,
        "ndcg_at_10": 0.7184,
        "ndcg_at_20": 0.7297,
        "ndcg_at_100": 0.74215,
        "ndcg_at_1000": 0.74544,
        "map_at_1": 0.57667,
        "map_at_3": 0.64889,
        "map_at_5": 0.66311,
        "map_at_10": 0.67216,
        "map_at_20": 0.6753,
        "map_at_100": 0.67704,
        "map_at_1000": 0.67717,
        "recall_at_1": 0.57667,
        "recall_at_3": 0.73667,
        "recall_at_5": 0.79778,
        "recall_at_10": 0.86333,
        "recall_at_20": 0.90778,
        "recall_at_100": 0.97444,
        "recall_at_1000": 1.0,
        "precision_at_1": 0.57667,
        "precision_at_3": 0.24556,
        "precision_at_5": 0.15956,
        "precision_at_10": 0.08633,
        "precision_at_20": 0.04539,
        "precision_at_100": 0.00974,
        "precision_at_1000": 0.001,
        "mrr_at_1": 0.576667,
        "mrr_at_3": 0.648889,
        "mrr_at_5": 0.663111,
        "mrr_at_10": 0.672161,
        "mrr_at_20": 0.675297,
        "mrr_at_100": 0.677044,
        "mrr_at_1000": 0.67717,
        "nauc_ndcg_at_1_max": 0.562101,
        "nauc_ndcg_at_1_std": -0.070609,
        "nauc_ndcg_at_1_diff1": 0.730847,
        "nauc_ndcg_at_3_max": 0.593596,
        "nauc_ndcg_at_3_std": -0.036955,
        "nauc_ndcg_at_3_diff1": 0.684406,
        "nauc_ndcg_at_5_max": 0.606519,
        "nauc_ndcg_at_5_std": -0.014349,
        "nauc_ndcg_at_5_diff1": 0.688036,
        "nauc_ndcg_at_10_max": 0.609483,
        "nauc_ndcg_at_10_std": -0.008159,
        "nauc_ndcg_at_10_diff1": 0.695862,
        "nauc_ndcg_at_20_max": 0.608575,
        "nauc_ndcg_at_20_std": -0.00156,
        "nauc_ndcg_at_20_diff1": 0.697291,
        "nauc_ndcg_at_100_max": 0.602823,
        "nauc_ndcg_at_100_std": -0.01243,
        "nauc_ndcg_at_100_diff1": 0.696517,
        "nauc_ndcg_at_1000_max": 0.599224,
        "nauc_ndcg_at_1000_std": -0.019663,
        "nauc_ndcg_at_1000_diff1": 0.698057,
        "nauc_map_at_1_max": 0.562101,