{
  "dataset_revision": "75b399394a9803252cfec289d103de462763db7c",
  "task_name": "BelebeleRetrieval",
  "mteb_version": "1.34.22",
  "scores": {
    "test": [
      {
        "ndcg_at_1": 0.34521,
        "ndcg_at_3": 0.40896,
        "ndcg_at_5": 0.42598,
        "ndcg_at_10": 0.44835,
        "ndcg_at_20": 0.4698,
        "ndcg_at_100": 0.50349,
        "ndcg_at_1000": 0.52531,
        "map_at_1": 0.34521,
        "map_at_3": 0.39328,
        "map_at_5": 0.40275,
        "map_at_10": 0.4118,
        "map_at_20": 0.41771,
        "map_at_100": 0.42223,
        "map_at_1000": 0.42313,
        "recall_at_1": 0.34521,
        "recall_at_3": 0.45434,
        "recall_at_5": 0.49555,
        "recall_at_10": 0.5657,
        "recall_at_20": 0.65033,
        "recall_at_100": 0.83408,
        "recall_at_1000": 1.0,
        "precision_at_1": 0.34521,
        "precision_at_3": 0.15145,
        "precision_at_5": 0.09911,
        "precision_at_10": 0.05657,
        "precision_at_20": 0.03252,
        "precision_at_100": 0.00834,
        "precision_at_1000": 0.001,
        "mrr_at_1": 0.345212,
        "mrr_at_3": 0.393281,
        "mrr_at_5": 0.402747,
        "mrr_at_10": 0.411797,
        "mrr_at_20": 0.417712,
        "mrr_at_100": 0.422231,
        "mrr_at_1000": 0.423133,
        "nauc_ndcg_at_1_max": 0.029489,
        "nauc_ndcg_at_1_std": -0.170339,
        "nauc_ndcg_at_1_diff1": 0.666293,
        "nauc_ndcg_at_3_max": 0.004942,
        "nauc_ndcg_at_3_std": -0.187944,
        "nauc_ndcg_at_3_diff1": 0.630608,
        "nauc_ndcg_at_5_max": -0.006837,
        "nauc_ndcg_at_5_std": -0.187962,
        "nauc_ndcg_at_5_diff1": 0.62476,
        "nauc_ndcg_at_10_max": 0.000749,
        "nauc_ndcg_at_10_std": -0.17587,
        "nauc_ndcg_at_10_diff1": 0.609569,
        "nauc_ndcg_at_20_max": 0.004,
        "nauc_ndcg_at_20_std": -0.175044,
        "nauc_ndcg_at_20_diff1": 0.605839,
        "nauc_ndcg_at_100_max": 0.004721,
        "nauc_ndcg_at_100_std": -0.173279,
        "nauc_ndcg_at_100_diff1": 0.606328,
        "nauc_ndcg_at_1000_max": 0.002724,
        "nauc_ndcg_at_1000_std": -0.179334,
        "nauc_ndcg_at_1000_diff1": 0.616238,
        "nauc_map_at_1_max": 0.029489,
        "nauc_map_at_1_std": -0.170339,
        "nauc_map_at_1_diff1": 0.666293,
        "nauc_map_at_3_max": 0.009868,
        "nauc_map_at_3_std": -0.184599,
        "nauc_map_at_3_diff1": 0.637596,
        "nauc_map_at_5_max": 0.003314,
        "nauc_map_at_5_std": -0.184567,
        "nauc_map_at_5_diff1": 0.634246,
        "nauc_map_at_10_max": 0.006425,
        "nauc_map_at_10_std": -0.179613,
        "nauc_map_at_10_diff1": 0.62811,
        "nauc_map_at_20_max": 0.007257,
        "nauc_map_at_20_std": -0.179433,
        "nauc_map_at_20_diff1": 0.627076,
        "nauc_map_at_100_max": 0.006651,
        "nauc_map_at_100_std": -0.180058,
        "nauc_map_at_100_diff1": 0.627249,
        "nauc_map_at_1000_max": 0.006503,
        "nauc_map_at_1000_std": -0.180314,
        "nauc_map_at_1000_diff1": 0.627568,
        "nauc_recall_at_1_max": 0.029489,
        "nauc_recall_at_1_std": -0.170339,
        "nauc_recall_at_1_diff1": 0.666293,
        "nauc_recall_at_3_max": -0.008858,
        "nauc_recall_at_3_std": -0.197222,
        "nauc_recall_at_3_diff1": 0.611119,
        "nauc_recall_at_5_max": -0.037669,
        "nauc_recall_at_5_std": -0.197532,
        "nauc_recall_at_5_diff1": 0.597094,
        "nauc_recall_at_10_max": -0.014867,
        "nauc_recall_at_10_std": -0.158804,
        "nauc_recall_at_10_diff1": 0.545596,
        "nauc_recall_at_20_max": -0.00125,
        "nauc_recall_at_20_std": -0.152387,
        "nauc_recall_at_20_diff1": 0.521102,
        "nauc_recall_at_100_max": 0.02365,
        "nauc_recall_at_100_std": -0.091145,
        "nauc_recall_at_100_diff1": 0.458815,
        "nauc_recall_at_1000_max": NaN,
        "nauc_recall_at_1000_std": NaN,
        "nauc_recall_at_1000_diff1": NaN,
        "nauc_precision_at_1_max": 0.029489,
        "nauc_precision_at_1_std": -0.170339,
        "nauc_precision_at_1_diff1": 0.666293,
        "nauc_precision_at_3_max": -0.008858,
        "nauc_precision_at_3_std": -0.197222,
        "nauc_precision_at_3_diff1": 0.611119,
        "nauc_precision_at_5_max": -0.037669,
        "nauc_precision_at_5_std": -0.197532,
        "nauc_precision_at_5_diff1": 0.597094,
        "nauc_precision_at_10_max": -0.014867,
        "nauc_precision_at_10_std": -0.158804,
        "nauc_precision_at_10_diff1": 0.545596,
        "nauc_precision_at_20_max": -0.00125,
        "nauc_precision_at_20_std": -0.152387,
        "nauc_precision_at_20_diff1": 0.521102,
        "nauc_precision_at_100_max": 0.02365,
        "nauc_precision_at_100_std": -0.091145,
        "nauc_precision_at_100_diff1": 0.458815,
        "nauc_precision_at_1000_max": NaN,
        "nauc_precision_at_1000_std": NaN,
        "nauc_precision_at_1000_diff1": NaN,
        "nauc_mrr_at_1_max": 0.029489,
        "nauc_mrr_at_1_std": -0.170339,
        "nauc_mrr_at_1_diff1": 0.666293,
        "nauc_mrr_at_3_max": 0.009868,
        "nauc_mrr_at_3_std": -0.184599,
        "nauc_mrr_at_3_diff1": 0.637596,
        "nauc_mrr_at_5_max": 0.003314,
        "nauc_mrr_at_5_std": -0.184567,
        "nauc_mrr_at_5_diff1": 0.634246,
        "nauc_mrr_at_10_max": 0.006425,
        "nauc_mrr_at_10_std": -0.179613,
        "nauc_mrr_at_10_diff1": 0.62811,
        "nauc_mrr_at_20_max": 0.007257,
        "nauc_mrr_at_20_std": -0.179433,
        "nauc_mrr_at_20_diff1": 0.627076,
        "nauc_mrr_at_100_max": 0.006651,
        "nauc_mrr_at_100_std": -0.180058,
        "nauc_mrr_at_100_diff1": 0.627249,
        "nauc_mrr_at_1000_max": 0.006503,
        "nauc_mrr_at_1000_std": -0.180314,
        "nauc_mrr_at_1000_diff1": 0.627568,
        "main_score": 0.44835,
        "hf_subset": "ary_Arab-ary_Arab",
        "languages": [
          "ary-Arab",
          "ary-Arab"
        ]
      },
      {
        "ndcg_at_1": 0.22778,
        "ndcg_at_3": 0.30583,
        "ndcg_at_5": 0.33184,
        "ndcg_at_10": 0.36178,
        "ndcg_at_20": 0.38309,
        "ndcg_at_100": 0.42778,
        "ndcg_at_1000": 0.44732,
        "map_at_1": 0.22778,
        "map_at_3": 0.28537,
        "map_at_5": 0.29976,
        "map_at_10": 0.31217,
        "map_at_20": 0.31815,
        "map_at_100": 0.32391,
        "map_at_1000": 0.32472,
        "recall_at_1": 0.22778,
        "recall_at_3": 0.36556,
        "recall_at_5": 0.42889,
        "recall_at_10": 0.52111,
        "recall_at_20": 0.60444,
        "recall_at_100": 0.85111,
        "recall_at_1000": 1.0,
        "precision_at_1": 0.22778,
        "precision_at_3": 0.12185,
        "precision_at_5": 0.08578,
        "precision_at_10": 0.05211,
        "precision_at_20": 0.03022,
        "precision_at_100": 0.00851,
        "precision_at_1000": 0.001,
        "mrr_at_1": 0.227778,
        "mrr_at_3": 0.28537,
        "mrr_at_5": 0.299759,
        "mrr_at_10": 0.312172,
        "mrr_at_20": 0.318147,
        "mrr_at_100": 0.323907,
        "mrr_at_1000": 0.324716,
        "nauc_ndcg_at_1_max": 0.128251,
        "nauc_ndcg_at_1_std": 0.118056,
        "nauc_ndcg_at_1_diff1": 0.472901,
        "nauc_ndcg_at_3_max": 0.1044,
        "nauc_ndcg_at_3_std": 0.106829,
        "nauc_ndcg_at_3_diff1": 0.403708,
        "nauc_ndcg_at_5_max": 0.108757,
        "nauc_ndcg_at_5_std": 0.108917,
        "nauc_ndcg_at_5_diff1": 0.378898,
        "nauc_ndcg_at_10_max": 0.109357,
        "nauc_ndcg_at_10_std": 0.11402,
        "nauc_ndcg_at_10_diff1": 0.37049,
        "nauc_ndcg_at_20_max": 0.103585,
        "nauc_ndcg_at_20_std": 0.111513,
        "nauc_ndcg_at_20_diff1": 0.368815,
        "nauc_ndcg_at_100_max": 0.102548,
        "nauc_ndcg_at_100_std": 0.108854,
        "nauc_ndcg_at_100_diff1": 0.374838,
        "nauc_ndcg_at_1000_max": 0.104735,
        "nauc_ndcg_at_1000_std": 0.109191,
        "nauc_ndcg_at_1000_diff1": 0.38642,
        "nauc_map_at_1_max": 0.128251,